Model_0_57,1
Model_0_71,1
Model_0_76,1
Model_0_97,3
Model_0_221,1
Model_0_272,1
Model_0_277,3
Model_0_343,1
Model_0_370,1
Model_0_390,2
Model_0_485,1
Model_0_530,2
Model_0_565,1
Model_0_570,1
Model_0_658,1
Model_0_688,1
Model_0_689,1
Model_0_728,2
Model_0_739,1
Model_0_765,1
Model_0_861,2
Model_0_920,4
Model_0_941,1
Model_0_972,1
Model_0_1034,1
Model_0_1071,1
Model_0_1106,1
Model_0_1561,5
Model_0_1704,1
Model_0_1729,1
Model_0_1750,1
Model_0_1768,1
Model_0_1797,2
Model_0_1799,4
Model_0_1800,1
Model_0_1812,1
Model_0_1859,1
Model_0_1920,1
Model_0_1991,1
Model_0_2090,2
Model_0_2136,1
Model_0_2148,3
Model_0_2170,1
Model_0_2196,1
Model_0_2197,1
Model_0_2206,1
Model_0_2265,2
Model_0_2296,1
Model_0_2311,5
Model_0_2411,2
Model_0_2430,3
Model_0_2451,2
Model_0_2458,1
Model_0_2568,2
Model_0_2615,2
Model_0_2664,1
Model_0_2697,7
Model_0_2713,1
Model_0_2717,1
Model_0_2718,2
Model_0_2722,3
Model_0_2724,1
Model_0_2726,1
Model_0_2729,1
Model_0_2736,1
